{"blocks":[{"x":940,"y":190,"text":"WWW","width":180,"height":80,"type":"Блок","isMenuBlock":false,"fontSize":24,"textHeight":24,"isBold":false,"isItalic":false,"textAlign":"center","labelsPosition":1},{"x":40,"y":80,"text":"","width":100,"height":40,"type":"Блок","isMenuBlock":false,"fontSize":14,"textHeight":14,"isBold":false,"isItalic":false,"textAlign":"center","labelsPosition":1},{"x":940,"y":310,"text":"DortyTheGreat.\ngithub.io","width":180,"height":80,"type":"Блок","isMenuBlock":false,"fontSize":24,"textHeight":24,"isBold":false,"isItalic":false,"textAlign":"center","labelsPosition":1},{"x":940,"y":410,"text":"index.html","width":180,"height":80,"type":"Блок","isMenuBlock":false,"fontSize":24,"textHeight":14,"isBold":false,"isItalic":false,"textAlign":"center","labelsPosition":1},{"x":1040,"y":550,"text":"about.html","width":180,"height":80,"type":"Блок","isMenuBlock":false,"fontSize":24,"textHeight":14,"isBold":false,"isItalic":false,"textAlign":"center","labelsPosition":1},{"x":850,"y":550,"text":"contacts.html","width":180,"height":80,"type":"Блок","isMenuBlock":false,"fontSize":24,"textHeight":14,"isBold":false,"isItalic":false,"textAlign":"center","labelsPosition":1},{"x":660,"y":550,"text":"portfolio.html","width":180,"height":80,"type":"Блок","isMenuBlock":false,"fontSize":24,"textHeight":14,"isBold":false,"isItalic":false,"textAlign":"center","labelsPosition":1},{"x":1230,"y":550,"text":"prices.html","width":180,"height":80,"type":"Блок","isMenuBlock":false,"fontSize":24,"textHeight":14,"isBold":false,"isItalic":false,"textAlign":"center","labelsPosition":1}],"arrows":[{"startIndex":0,"endIndex":2,"startConnectorIndex":2,"endConnectorIndex":0,"nodes":[{"x":940,"y":230},{"x":940,"y":250},{"x":940,"y":270}],"counts":[1,1,1]},{"startIndex":2,"endIndex":3,"startConnectorIndex":2,"endConnectorIndex":0,"nodes":[{"x":940,"y":350},{"x":940,"y":350},{"x":940,"y":370}],"counts":[1,1,1]},{"startIndex":3,"endIndex":5,"startConnectorIndex":2,"endConnectorIndex":0,"nodes":[{"x":940,"y":450},{"x":940,"y":490},{"x":850,"y":490},{"x":850,"y":510}],"counts":[1,1,1,1]},{"startIndex":3,"endIndex":4,"startConnectorIndex":2,"endConnectorIndex":0,"nodes":[{"x":940,"y":450},{"x":940,"y":490},{"x":1040,"y":490},{"x":1040,"y":510}],"counts":[1,1,1,1]},{"startIndex":3,"endIndex":6,"startConnectorIndex":2,"endConnectorIndex":0,"nodes":[{"x":940,"y":450},{"x":940,"y":490},{"x":660,"y":490},{"x":660,"y":510}],"counts":[1,1,1,1]},{"startIndex":3,"endIndex":7,"startConnectorIndex":2,"endConnectorIndex":0,"nodes":[{"x":940,"y":450},{"x":940,"y":490},{"x":1230,"y":490},{"x":1230,"y":510}],"counts":[1,1,1,1]}],"x0":-239.99999999999977,"y0":-77.74999999999989}