{"blocks":[{"x":670,"y":380,"text":"Портфолио\n(portfolio.html)","width":180,"height":100,"type":"Блок","isMenuBlock":false,"fontSize":23,"textHeight":23,"isBold":false,"isItalic":false,"textAlign":"center","labelsPosition":1},{"x":970,"y":230,"text":"Главная\n страница\n(index.html)","width":180,"height":80,"type":"Блок","isMenuBlock":false,"fontSize":23,"textHeight":23,"isBold":false,"isItalic":false,"textAlign":"center","labelsPosition":1},{"x":970,"y":490,"text":"Контакты","width":180,"height":90,"type":"Начало / конец","isMenuBlock":false,"fontSize":24,"textHeight":24,"isBold":false,"isItalic":false,"textAlign":"center","labelsPosition":1},{"x":970,"y":590,"text":"Обратная связь","width":180,"height":90,"type":"Начало / конец","isMenuBlock":false,"fontSize":22,"textHeight":22,"isBold":false,"isItalic":false,"textAlign":"center","labelsPosition":1},{"x":290,"y":30,"text":"","width":100,"height":40,"type":"Блок","isMenuBlock":false,"fontSize":14,"textHeight":14,"isBold":false,"isItalic":false,"textAlign":"center","labelsPosition":1},{"x":860,"y":380,"text":"Контакты\n(contacts.html)","width":180,"height":100,"type":"Блок","isMenuBlock":false,"fontSize":23,"textHeight":23,"isBold":false,"isItalic":false,"textAlign":"center","labelsPosition":1},{"x":670,"y":500,"text":"Изображения\nвыполненых работ","width":180,"height":90,"type":"Начало / конец","isMenuBlock":false,"fontSize":19,"textHeight":19,"isBold":false,"isItalic":false,"textAlign":"center","labelsPosition":1},{"x":1240,"y":590,"text":"История\nкомпании","width":180,"height":90,"type":"Начало / конец","isMenuBlock":false,"fontSize":24,"textHeight":24,"isBold":false,"isItalic":false,"textAlign":"center","labelsPosition":1},{"x":1240,"y":490,"text":"Описание \nкомпании","width":180,"height":90,"type":"Начало / конец","isMenuBlock":false,"fontSize":24,"textHeight":24,"isBold":false,"isItalic":false,"textAlign":"center","labelsPosition":1},{"x":1480,"y":490,"text":"Таблица цен","width":180,"height":90,"type":"Начало / конец","isMenuBlock":false,"fontSize":24,"textHeight":14,"isBold":false,"isItalic":false,"textAlign":"center","labelsPosition":1},{"x":1480,"y":590,"text":"Калькулятор\nстоимости","width":180,"height":90,"type":"Начало / конец","isMenuBlock":false,"fontSize":24,"textHeight":24,"isBold":false,"isItalic":false,"textAlign":"center","labelsPosition":1},{"x":1130,"y":380,"text":"О компании\n(about.html)","width":180,"height":100,"type":"Блок","isMenuBlock":false,"fontSize":24,"textHeight":24,"isBold":false,"isItalic":false,"textAlign":"center","labelsPosition":1},{"x":1370,"y":380,"text":"Ценовая\nполитика\n(prices.html)","width":180,"height":100,"type":"Блок","isMenuBlock":false,"fontSize":24,"textHeight":24,"isBold":false,"isItalic":false,"textAlign":"center","labelsPosition":1}],"arrows":[{"startIndex":0,"endIndex":6,"startConnectorIndex":2,"endConnectorIndex":0,"nodes":[{"x":670,"y":430},{"x":670,"y":440},{"x":670,"y":455}],"counts":[1,1,1]},{"startIndex":5,"endIndex":2,"startConnectorIndex":2,"endConnectorIndex":3,"nodes":[{"x":860,"y":430},{"x":860,"y":490},{"x":880,"y":490}],"counts":[1,1,1]},{"startIndex":5,"endIndex":3,"startConnectorIndex":2,"endConnectorIndex":3,"nodes":[{"x":860,"y":430},{"x":860,"y":590},{"x":880,"y":590}],"counts":[1,1,1]},{"startIndex":1,"endIndex":5,"startConnectorIndex":2,"endConnectorIndex":0,"nodes":[{"x":970,"y":270},{"x":970,"y":310},{"x":860,"y":310},{"x":860,"y":330}],"counts":[1,1,1,1]},{"startIndex":11,"endIndex":8,"startConnectorIndex":2,"endConnectorIndex":3,"nodes":[{"x":1130,"y":430},{"x":1130,"y":490},{"x":1150,"y":490}],"counts":[1,1,1]},{"startIndex":11,"endIndex":7,"startConnectorIndex":2,"endConnectorIndex":3,"nodes":[{"x":1130,"y":430},{"x":1130,"y":590},{"x":1150,"y":590}],"counts":[1,1,1]},{"startIndex":12,"endIndex":9,"startConnectorIndex":2,"endConnectorIndex":3,"nodes":[{"x":1370,"y":430},{"x":1370,"y":490},{"x":1390,"y":490}],"counts":[1,1,1]},{"startIndex":12,"endIndex":10,"startConnectorIndex":2,"endConnectorIndex":3,"nodes":[{"x":1370,"y":430},{"x":1370,"y":590},{"x":1390,"y":590}],"counts":[1,1,1]},{"startIndex":1,"endIndex":0,"startConnectorIndex":2,"endConnectorIndex":0,"nodes":[{"x":970,"y":270},{"x":970,"y":310},{"x":670,"y":310},{"x":670,"y":330}],"counts":[1,1,1,1]},{"startIndex":1,"endIndex":11,"startConnectorIndex":2,"endConnectorIndex":0,"nodes":[{"x":970,"y":270},{"x":970,"y":310},{"x":1130,"y":310},{"x":1130,"y":330}],"counts":[1,1,1,1]},{"startIndex":1,"endIndex":12,"startConnectorIndex":2,"endConnectorIndex":0,"nodes":[{"x":970,"y":270},{"x":970,"y":310},{"x":1370,"y":310},{"x":1370,"y":330}],"counts":[1,1,1,1]}],"x0":-240,"y0":-81.91666666666663}